{
    "$schema": "https://schema.management.azure.com/schemas/2019-04-01/deploymentTemplate.json#",
    "contentVersion": "1.0.0.0",
    "parameters": {
        "sites_WeatherGeneratorFunctionApp_name": {
            "defaultValue": "WeatherGeneratorFunctionApp",
            "type": "String"
        },
        "serverfarms_ASP_azureproject_a4b9_externalid": {
            "defaultValue": "/subscriptions/00d48046-8d1e-4e7b-87ec-91249e10f2b5/resourceGroups/azureproject/providers/Microsoft.Web/serverfarms/ASP-azureproject-a4b9",
            "type": "String"
        }
    },
    "variables": {},
    "resources": [
        {
            "type": "Microsoft.Web/sites",
            "apiVersion": "2022-09-01",
            "name": "[parameters('sites_WeatherGeneratorFunctionApp_name')]",
            "location": "France Central",
            "tags": {
                "hidden-link: /app-insights-resource-id": "/subscriptions/00d48046-8d1e-4e7b-87ec-91249e10f2b5/resourceGroups/azureproject/providers/microsoft.insights/components/WeatherGeneratorFunctionApp",
                "hidden-link: /app-insights-instrumentation-key": "178921e2-2833-42c4-9e1e-a29e530f6514",
                "hidden-link: /app-insights-conn-string": "InstrumentationKey=178921e2-2833-42c4-9e1e-a29e530f6514;IngestionEndpoint=https://francecentral-1.in.applicationinsights.azure.com/;LiveEndpoint=https://francecentral.livediagnostics.monitor.azure.com/"
            },
            "kind": "functionapp,linux",
            "properties": {
                "enabled": true,
                "hostNameSslStates": [
                    {
                        "name": "weathergeneratorfunctionapp.azurewebsites.net",
                        "sslState": "Disabled",
                        "hostType": "Standard"
                    },
                    {
                        "name": "weathergeneratorfunctionapp.scm.azurewebsites.net",
                        "sslState": "Disabled",
                        "hostType": "Repository"
                    }
                ],
                "serverFarmId": "[parameters('serverfarms_ASP_azureproject_a4b9_externalid')]",
                "reserved": true,
                "isXenon": false,
                "hyperV": false,
                "vnetRouteAllEnabled": false,
                "vnetImagePullEnabled": false,
                "vnetContentShareEnabled": false,
                "siteConfig": {
                    "numberOfWorkers": 1,
                    "defaultDocuments": [
                        "Default.htm",
                        "Default.html",
                        "Default.asp",
                        "index.htm",
                        "index.html",
                        "iisstart.htm",
                        "default.aspx",
                        "index.php"
                    ],
                    "netFrameworkVersion": "v4.0",
                    "linuxFxVersion": "Python|3.11",
                    "requestTracingEnabled": false,
                    "remoteDebuggingEnabled": false,
                    "httpLoggingEnabled": false,
                    "acrUseManagedIdentityCreds": false,
                    "logsDirectorySizeLimit": 35,
                    "detailedErrorLoggingEnabled": false,
                    "use32BitWorkerProcess": false,
                    "webSocketsEnabled": false,
                    "alwaysOn": false,
                    "managedPipelineMode": "Integrated",
                    "virtualApplications": [
                        {
                            "virtualPath": "/",
                            "physicalPath": "site\\wwwroot",
                            "preloadEnabled": false
                        }
                    ],
                    "loadBalancing": "LeastRequests",
                    "autoHealEnabled": false,
                    "vnetRouteAllEnabled": false,
                    "vnetPrivatePortsCount": 0,
                    "publicNetworkAccess": "Enabled",
                    "cors": {
                        "allowedOrigins": [
                            "https://portal.azure.com"
                        ],
                        "supportCredentials": false
                    },
                    "localMySqlEnabled": false,
                    "scmIpSecurityRestrictionsUseMain": false,
                    "http20Enabled": false,
                    "minTlsVersion": "1.2",
                    "scmMinTlsVersion": "1.2",
                    "ftpsState": "FtpsOnly",
                    "preWarmedInstanceCount": 0,
                    "functionAppScaleLimit": 200,
                    "functionsRuntimeScaleMonitoringEnabled": false,
                    "minimumElasticInstanceCount": 0,
                    "azureStorageAccounts": {}
                },
                "scmSiteAlsoStopped": false,
                "clientAffinityEnabled": false,
                "clientCertEnabled": false,
                "clientCertMode": "Required",
                "hostNamesDisabled": false,
                "customDomainVerificationId": "D68813A4191AB58EEEA2DC822E56DC825343F1B9D415156E8F5680EA6A01B103",
                "containerSize": 1536,
                "dailyMemoryTimeQuota": 0,
                "httpsOnly": true,
                "redundancyMode": "None",
                "publicNetworkAccess": "Enabled",
                "storageAccountRequired": false,
                "keyVaultReferenceIdentity": "SystemAssigned"
            }
        },
        {
            "type": "Microsoft.Web/sites/basicPublishingCredentialsPolicies",
            "apiVersion": "2022-09-01",
            "name": "[concat(parameters('sites_WeatherGeneratorFunctionApp_name'), '/ftp')]",
            "location": "France Central",
            "dependsOn": [
                "[resourceId('Microsoft.Web/sites', parameters('sites_WeatherGeneratorFunctionApp_name'))]"
            ],
            "tags": {
                "hidden-link: /app-insights-resource-id": "/subscriptions/00d48046-8d1e-4e7b-87ec-91249e10f2b5/resourceGroups/azureproject/providers/microsoft.insights/components/WeatherGeneratorFunctionApp",
                "hidden-link: /app-insights-instrumentation-key": "178921e2-2833-42c4-9e1e-a29e530f6514",
                "hidden-link: /app-insights-conn-string": "InstrumentationKey=178921e2-2833-42c4-9e1e-a29e530f6514;IngestionEndpoint=https://francecentral-1.in.applicationinsights.azure.com/;LiveEndpoint=https://francecentral.livediagnostics.monitor.azure.com/"
            },
            "properties": {
                "allow": true
            }
        },
        {
            "type": "Microsoft.Web/sites/basicPublishingCredentialsPolicies",
            "apiVersion": "2022-09-01",
            "name": "[concat(parameters('sites_WeatherGeneratorFunctionApp_name'), '/scm')]",
            "location": "France Central",
            "dependsOn": [
                "[resourceId('Microsoft.Web/sites', parameters('sites_WeatherGeneratorFunctionApp_name'))]"
            ],
            "tags": {
                "hidden-link: /app-insights-resource-id": "/subscriptions/00d48046-8d1e-4e7b-87ec-91249e10f2b5/resourceGroups/azureproject/providers/microsoft.insights/components/WeatherGeneratorFunctionApp",
                "hidden-link: /app-insights-instrumentation-key": "178921e2-2833-42c4-9e1e-a29e530f6514",
                "hidden-link: /app-insights-conn-string": "InstrumentationKey=178921e2-2833-42c4-9e1e-a29e530f6514;IngestionEndpoint=https://francecentral-1.in.applicationinsights.azure.com/;LiveEndpoint=https://francecentral.livediagnostics.monitor.azure.com/"
            },
            "properties": {
                "allow": true
            }
        },
        {
            "type": "Microsoft.Web/sites/config",
            "apiVersion": "2022-09-01",
            "name": "[concat(parameters('sites_WeatherGeneratorFunctionApp_name'), '/web')]",
            "location": "France Central",
            "dependsOn": [
                "[resourceId('Microsoft.Web/sites', parameters('sites_WeatherGeneratorFunctionApp_name'))]"
            ],
            "tags": {
                "hidden-link: /app-insights-resource-id": "/subscriptions/00d48046-8d1e-4e7b-87ec-91249e10f2b5/resourceGroups/azureproject/providers/microsoft.insights/components/WeatherGeneratorFunctionApp",
                "hidden-link: /app-insights-instrumentation-key": "178921e2-2833-42c4-9e1e-a29e530f6514",
                "hidden-link: /app-insights-conn-string": "InstrumentationKey=178921e2-2833-42c4-9e1e-a29e530f6514;IngestionEndpoint=https://francecentral-1.in.applicationinsights.azure.com/;LiveEndpoint=https://francecentral.livediagnostics.monitor.azure.com/"
            },
            "properties": {
                "numberOfWorkers": 1,
                "defaultDocuments": [
                    "Default.htm",
                    "Default.html",
                    "Default.asp",
                    "index.htm",
                    "index.html",
                    "iisstart.htm",
                    "default.aspx",
                    "index.php"
                ],
                "netFrameworkVersion": "v4.0",
                "linuxFxVersion": "Python|3.11",
                "requestTracingEnabled": false,
                "remoteDebuggingEnabled": false,
                "httpLoggingEnabled": false,
                "acrUseManagedIdentityCreds": false,
                "logsDirectorySizeLimit": 35,
                "detailedErrorLoggingEnabled": false,
                "publishingUsername": "$WeatherGeneratorFunctionApp",
                "scmType": "None",
                "use32BitWorkerProcess": false,
                "webSocketsEnabled": false,
                "alwaysOn": false,
                "managedPipelineMode": "Integrated",
                "virtualApplications": [
                    {
                        "virtualPath": "/",
                        "physicalPath": "site\\wwwroot",
                        "preloadEnabled": false
                    }
                ],
                "loadBalancing": "LeastRequests",
                "experiments": {
                    "rampUpRules": []
                },
                "autoHealEnabled": false,
                "vnetRouteAllEnabled": false,
                "vnetPrivatePortsCount": 0,
                "publicNetworkAccess": "Enabled",
                "cors": {
                    "allowedOrigins": [
                        "https://portal.azure.com"
                    ],
                    "supportCredentials": false
                },
                "localMySqlEnabled": false,
                "ipSecurityRestrictions": [
                    {
                        "ipAddress": "Any",
                        "action": "Allow",
                        "priority": 2147483647,
                        "name": "Allow all",
                        "description": "Allow all access"
                    }
                ],
                "scmIpSecurityRestrictions": [
                    {
                        "ipAddress": "Any",
                        "action": "Allow",
                        "priority": 2147483647,
                        "name": "Allow all",
                        "description": "Allow all access"
                    }
                ],
                "scmIpSecurityRestrictionsUseMain": false,
                "http20Enabled": false,
                "minTlsVersion": "1.2",
                "scmMinTlsVersion": "1.2",
                "ftpsState": "FtpsOnly",
                "preWarmedInstanceCount": 0,
                "functionAppScaleLimit": 200,
                "functionsRuntimeScaleMonitoringEnabled": false,
                "minimumElasticInstanceCount": 0,
                "azureStorageAccounts": {}
            }
        },
        {
            "type": "Microsoft.Web/sites/functions",
            "apiVersion": "2022-09-01",
            "name": "[concat(parameters('sites_WeatherGeneratorFunctionApp_name'), '/WeatherGen')]",
            "location": "France Central",
            "dependsOn": [
                "[resourceId('Microsoft.Web/sites', parameters('sites_WeatherGeneratorFunctionApp_name'))]"
            ],
            "properties": {
                "script_root_path_href": "https://weathergeneratorfunctionapp.azurewebsites.net/admin/vfs/home/site/wwwroot/WeatherGen/",
                "script_href": "https://weathergeneratorfunctionapp.azurewebsites.net/admin/vfs/home/site/wwwroot/WeatherGen/__init__.py",
                "config_href": "https://weathergeneratorfunctionapp.azurewebsites.net/admin/vfs/home/site/wwwroot/WeatherGen/function.json",
                "test_data_href": "https://weathergeneratorfunctionapp.azurewebsites.net/admin/vfs/tmp/FunctionsData/WeatherGen.dat",
                "href": "https://weathergeneratorfunctionapp.azurewebsites.net/admin/functions/WeatherGen",
                "config": {},
                "language": "python",
                "isDisabled": true
            }
        },
        {
            "type": "Microsoft.Web/sites/hostNameBindings",
            "apiVersion": "2022-09-01",
            "name": "[concat(parameters('sites_WeatherGeneratorFunctionApp_name'), '/', parameters('sites_WeatherGeneratorFunctionApp_name'), '.azurewebsites.net')]",
            "location": "France Central",
            "dependsOn": [
                "[resourceId('Microsoft.Web/sites', parameters('sites_WeatherGeneratorFunctionApp_name'))]"
            ],
            "properties": {
                "siteName": "WeatherGeneratorFunctionApp",
                "hostNameType": "Verified"
            }
        }
    ]
}