{
    "$schema": "https://schema.management.azure.com/schemas/2019-04-01/deploymentTemplate.json#",
    "contentVersion": "1.0.0.0",
    "parameters": {
        "sites_azprojweather_name": {
            "defaultValue": "azprojweather",
            "type": "String"
        },
        "serverfarms_ASP_serverless_80c9_externalid": {
            "defaultValue": "/subscriptions/00d48046-8d1e-4e7b-87ec-91249e10f2b5/resourceGroups/serverless/providers/Microsoft.Web/serverfarms/ASP-serverless-80c9",
            "type": "String"
        }
    },
    "variables": {},
    "resources": [
        {
            "type": "Microsoft.Web/sites",
            "apiVersion": "2022-09-01",
            "name": "[parameters('sites_azprojweather_name')]",
            "location": "France Central",
            "kind": "app,linux",
            "properties": {
                "enabled": true,
                "hostNameSslStates": [
                    {
                        "name": "[concat(parameters('sites_azprojweather_name'), '.azurewebsites.net')]",
                        "sslState": "Disabled",
                        "hostType": "Standard"
                    },
                    {
                        "name": "[concat(parameters('sites_azprojweather_name'), '.scm.azurewebsites.net')]",
                        "sslState": "Disabled",
                        "hostType": "Repository"
                    }
                ],
                "serverFarmId": "[parameters('serverfarms_ASP_serverless_80c9_externalid')]",
                "reserved": true,
                "isXenon": false,
                "hyperV": false,
                "vnetRouteAllEnabled": false,
                "vnetImagePullEnabled": false,
                "vnetContentShareEnabled": false,
                "siteConfig": {
                    "numberOfWorkers": 1,
                    "defaultDocuments": [
                        "Default.htm",
                        "Default.html",
                        "Default.asp",
                        "index.htm",
                        "index.html",
                        "iisstart.htm",
                        "default.aspx",
                        "index.php",
                        "hostingstart.html"
                    ],
                    "netFrameworkVersion": "v4.0",
                    "linuxFxVersion": "PYTHON|3.11",
                    "requestTracingEnabled": false,
                    "remoteDebuggingEnabled": false,
                    "remoteDebuggingVersion": "VS2019",
                    "httpLoggingEnabled": false,
                    "acrUseManagedIdentityCreds": false,
                    "logsDirectorySizeLimit": 35,
                    "detailedErrorLoggingEnabled": false,
                    "documentRoot": "site\\wwwroot",
                    "use32BitWorkerProcess": true,
                    "webSocketsEnabled": false,
                    "alwaysOn": false,
                    "managedPipelineMode": "Integrated",
                    "virtualApplications": [
                        {
                            "virtualPath": "/",
                            "physicalPath": "site\\wwwroot",
                            "preloadEnabled": false
                        }
                    ],
                    "loadBalancing": "LeastRequests",
                    "autoHealEnabled": false,
                    "vnetRouteAllEnabled": false,
                    "vnetPrivatePortsCount": 0,
                    "publicNetworkAccess": "Enabled",
                    "localMySqlEnabled": false,
                    "scmIpSecurityRestrictionsUseMain": false,
                    "http20Enabled": false,
                    "minTlsVersion": "1.2",
                    "scmMinTlsVersion": "1.2",
                    "ftpsState": "FtpsOnly",
                    "preWarmedInstanceCount": 0,
                    "functionAppScaleLimit": 0,
                    "functionsRuntimeScaleMonitoringEnabled": false,
                    "minimumElasticInstanceCount": 0,
                    "azureStorageAccounts": {}
                },
                "scmSiteAlsoStopped": false,
                "clientAffinityEnabled": false,
                "clientCertEnabled": false,
                "clientCertMode": "Required",
                "hostNamesDisabled": false,
                "customDomainVerificationId": "D68813A4191AB58EEEA2DC822E56DC825343F1B9D415156E8F5680EA6A01B103",
                "containerSize": 0,
                "dailyMemoryTimeQuota": 0,
                "httpsOnly": true,
                "redundancyMode": "None",
                "publicNetworkAccess": "Enabled",
                "storageAccountRequired": false,
                "keyVaultReferenceIdentity": "SystemAssigned"
            }
        },
        {
            "type": "Microsoft.Web/sites/basicPublishingCredentialsPolicies",
            "apiVersion": "2022-09-01",
            "name": "[concat(parameters('sites_azprojweather_name'), '/ftp')]",
            "location": "France Central",
            "dependsOn": [
                "[resourceId('Microsoft.Web/sites', parameters('sites_azprojweather_name'))]"
            ],
            "properties": {
                "allow": true
            }
        },
        {
            "type": "Microsoft.Web/sites/basicPublishingCredentialsPolicies",
            "apiVersion": "2022-09-01",
            "name": "[concat(parameters('sites_azprojweather_name'), '/scm')]",
            "location": "France Central",
            "dependsOn": [
                "[resourceId('Microsoft.Web/sites', parameters('sites_azprojweather_name'))]"
            ],
            "properties": {
                "allow": true
            }
        },
        {
            "type": "Microsoft.Web/sites/config",
            "apiVersion": "2022-09-01",
            "name": "[concat(parameters('sites_azprojweather_name'), '/web')]",
            "location": "France Central",
            "dependsOn": [
                "[resourceId('Microsoft.Web/sites', parameters('sites_azprojweather_name'))]"
            ],
            "properties": {
                "numberOfWorkers": 1,
                "defaultDocuments": [
                    "Default.htm",
                    "Default.html",
                    "Default.asp",
                    "index.htm",
                    "index.html",
                    "iisstart.htm",
                    "default.aspx",
                    "index.php",
                    "hostingstart.html"
                ],
                "netFrameworkVersion": "v4.0",
                "linuxFxVersion": "PYTHON|3.11",
                "requestTracingEnabled": false,
                "remoteDebuggingEnabled": false,
                "remoteDebuggingVersion": "VS2019",
                "httpLoggingEnabled": false,
                "acrUseManagedIdentityCreds": false,
                "logsDirectorySizeLimit": 35,
                "detailedErrorLoggingEnabled": false,
                "publishingUsername": "$azprojweather",
                "scmType": "GitHubAction",
                "use32BitWorkerProcess": true,
                "webSocketsEnabled": false,
                "alwaysOn": false,
                "managedPipelineMode": "Integrated",
                "virtualApplications": [
                    {
                        "virtualPath": "/",
                        "physicalPath": "site\\wwwroot",
                        "preloadEnabled": false
                    }
                ],
                "loadBalancing": "LeastRequests",
                "experiments": {
                    "rampUpRules": []
                },
                "autoHealEnabled": false,
                "vnetRouteAllEnabled": false,
                "vnetPrivatePortsCount": 0,
                "publicNetworkAccess": "Enabled",
                "localMySqlEnabled": false,
                "ipSecurityRestrictions": [
                    {
                        "ipAddress": "Any",
                        "action": "Allow",
                        "priority": 2147483647,
                        "name": "Allow all",
                        "description": "Allow all access"
                    }
                ],
                "scmIpSecurityRestrictions": [
                    {
                        "ipAddress": "Any",
                        "action": "Allow",
                        "priority": 2147483647,
                        "name": "Allow all",
                        "description": "Allow all access"
                    }
                ],
                "scmIpSecurityRestrictionsUseMain": false,
                "http20Enabled": false,
                "minTlsVersion": "1.2",
                "scmMinTlsVersion": "1.2",
                "ftpsState": "FtpsOnly",
                "preWarmedInstanceCount": 0,
                "elasticWebAppScaleLimit": 0,
                "functionsRuntimeScaleMonitoringEnabled": false,
                "minimumElasticInstanceCount": 0,
                "azureStorageAccounts": {}
            }
        },
        {
            "type": "Microsoft.Web/sites/deployments",
            "apiVersion": "2022-09-01",
            "name": "[concat(parameters('sites_azprojweather_name'), '/0a920f6f-8b47-43d8-b471-c872d00cdda9')]",
            "location": "France Central",
            "dependsOn": [
                "[resourceId('Microsoft.Web/sites', parameters('sites_azprojweather_name'))]"
            ],
            "properties": {
                "status": 4,
                "author_email": "N/A",
                "author": "N/A",
                "deployer": "GITHUB_ZIP_DEPLOY",
                "message": "{\"type\":\"deployment\",\"sha\":\"d8e3c0ffe529c0f3a21594a9dfa151b35e82ec91\",\"repoName\":\"EneruJ/azureproject\",\"actor\":\"EneruJ\",\"slotName\":\"Production\",\"commitMessage\":\"Update README.md\"}",
                "start_time": "2023-09-29T09:43:08.1122586Z",
                "end_time": "2023-09-29T09:43:35.5043766Z",
                "active": false
            }
        },
        {
            "type": "Microsoft.Web/sites/deployments",
            "apiVersion": "2022-09-01",
            "name": "[concat(parameters('sites_azprojweather_name'), '/370777cb-c91d-4e11-998b-8110d301a71c')]",
            "location": "France Central",
            "dependsOn": [
                "[resourceId('Microsoft.Web/sites', parameters('sites_azprojweather_name'))]"
            ],
            "properties": {
                "status": 4,
                "author_email": "N/A",
                "author": "N/A",
                "deployer": "GITHUB_ZIP_DEPLOY",
                "message": "{\"type\":\"deployment\",\"sha\":\"4c88ef1f1367686fb1bd424421bd9dbe6efaa030\",\"repoName\":\"EneruJ/azureproject\",\"actor\":\"EneruJ\",\"slotName\":\"Production\",\"commitMessage\":\"Add files via upload\"}",
                "start_time": "2023-09-29T09:20:52.6364848Z",
                "end_time": "2023-09-29T09:21:26.7862261Z",
                "active": false
            }
        },
        {
            "type": "Microsoft.Web/sites/deployments",
            "apiVersion": "2022-09-01",
            "name": "[concat(parameters('sites_azprojweather_name'), '/3d8fe568-d3a7-4d1a-a71a-53931a5beef7')]",
            "location": "France Central",
            "dependsOn": [
                "[resourceId('Microsoft.Web/sites', parameters('sites_azprojweather_name'))]"
            ],
            "properties": {
                "status": 4,
                "author_email": "N/A",
                "author": "N/A",
                "deployer": "GITHUB_ZIP_DEPLOY",
                "message": "{\"type\":\"deployment\",\"sha\":\"35bf1515413913331dcee087e6238f21d2c0b1fd\",\"repoName\":\"EneruJ/azureproject\",\"actor\":\"EneruJ\",\"slotName\":\"Production\",\"commitMessage\":\"Update README.md\"}",
                "start_time": "2023-09-29T09:43:49.8161566Z",
                "end_time": "2023-09-29T09:44:15.0765137Z",
                "active": true
            }
        },
        {
            "type": "Microsoft.Web/sites/deployments",
            "apiVersion": "2022-09-01",
            "name": "[concat(parameters('sites_azprojweather_name'), '/3dec79bc-4137-4b9b-8aab-921855b71b08')]",
            "location": "France Central",
            "dependsOn": [
                "[resourceId('Microsoft.Web/sites', parameters('sites_azprojweather_name'))]"
            ],
            "properties": {
                "status": 4,
                "author_email": "N/A",
                "author": "N/A",
                "deployer": "GITHUB_ZIP_DEPLOY",
                "message": "{\"type\":\"deployment\",\"sha\":\"75dc51796c321610e3c0d8efb8754b6a6aa7212b\",\"repoName\":\"EneruJ/azureproject\",\"actor\":\"EneruJ\",\"slotName\":\"Production\",\"commitMessage\":\"Update README.md\"}",
                "start_time": "2023-09-29T09:37:30.9185295Z",
                "end_time": "2023-09-29T09:38:00.0222837Z",
                "active": false
            }
        },
        {
            "type": "Microsoft.Web/sites/deployments",
            "apiVersion": "2022-09-01",
            "name": "[concat(parameters('sites_azprojweather_name'), '/4e136bcc-70ea-4bb6-8908-dcd13d3b2acc')]",
            "location": "France Central",
            "dependsOn": [
                "[resourceId('Microsoft.Web/sites', parameters('sites_azprojweather_name'))]"
            ],
            "properties": {
                "status": 4,
                "author_email": "N/A",
                "author": "N/A",
                "deployer": "GITHUB_ZIP_DEPLOY",
                "message": "{\"type\":\"deployment\",\"sha\":\"eea4e2e299321aef0a676e0945b2d4479757975b\",\"repoName\":\"EneruJ/azureproject\",\"actor\":\"EneruJ\",\"slotName\":\"Production\",\"commitMessage\":\"Update README.md\"}",
                "start_time": "2023-09-29T09:41:31.2020535Z",
                "end_time": "2023-09-29T09:42:02.4342975Z",
                "active": false
            }
        },
        {
            "type": "Microsoft.Web/sites/deployments",
            "apiVersion": "2022-09-01",
            "name": "[concat(parameters('sites_azprojweather_name'), '/93c62a1c-db05-44e1-8ae5-96b8b7a5a5cc')]",
            "location": "France Central",
            "dependsOn": [
                "[resourceId('Microsoft.Web/sites', parameters('sites_azprojweather_name'))]"
            ],
            "properties": {
                "status": 4,
                "author_email": "N/A",
                "author": "N/A",
                "deployer": "GITHUB_ZIP_DEPLOY",
                "message": "{\"type\":\"deployment\",\"sha\":\"7b02ecdaa0cbcfe6c43e4824f0d0c13f7f7de756\",\"repoName\":\"EneruJ/azureproject\",\"actor\":\"EneruJ\",\"slotName\":\"Production\",\"commitMessage\":\"Update README.md\"}",
                "start_time": "2023-09-29T09:34:51.6543648Z",
                "end_time": "2023-09-29T09:35:21.800298Z",
                "active": false
            }
        },
        {
            "type": "Microsoft.Web/sites/deployments",
            "apiVersion": "2022-09-01",
            "name": "[concat(parameters('sites_azprojweather_name'), '/bf00bebc-7596-413b-aa36-3ab0bf39e101')]",
            "location": "France Central",
            "dependsOn": [
                "[resourceId('Microsoft.Web/sites', parameters('sites_azprojweather_name'))]"
            ],
            "properties": {
                "status": 4,
                "author_email": "N/A",
                "author": "N/A",
                "deployer": "GITHUB_ZIP_DEPLOY",
                "message": "{\"type\":\"deployment\",\"sha\":\"678a15da2e0b83c4223907859afb7623efeec1b6\",\"repoName\":\"EneruJ/azureproject\",\"actor\":\"EneruJ\",\"slotName\":\"Production\",\"commitMessage\":\"Update README.md\"}",
                "start_time": "2023-09-29T09:40:03.6421911Z",
                "end_time": "2023-09-29T09:40:32.5117337Z",
                "active": false
            }
        },
        {
            "type": "Microsoft.Web/sites/deployments",
            "apiVersion": "2022-09-01",
            "name": "[concat(parameters('sites_azprojweather_name'), '/ce27b99c-b932-4349-9b0b-9702dbac77d2')]",
            "location": "France Central",
            "dependsOn": [
                "[resourceId('Microsoft.Web/sites', parameters('sites_azprojweather_name'))]"
            ],
            "properties": {
                "status": 4,
                "author_email": "N/A",
                "author": "N/A",
                "deployer": "GITHUB_ZIP_DEPLOY",
                "message": "{\"type\":\"deployment\",\"sha\":\"e02bbbea0f7fd39ab802d4bbaff14e8b4073058b\",\"repoName\":\"EneruJ/azureproject\",\"actor\":\"EneruJ\",\"slotName\":\"Production\",\"commitMessage\":\"Mettre  jour archiazproj.drawio\"}",
                "start_time": "2023-09-29T09:19:40.1761904Z",
                "end_time": "2023-09-29T09:20:14.3268889Z",
                "active": false
            }
        },
        {
            "type": "Microsoft.Web/sites/deployments",
            "apiVersion": "2022-09-01",
            "name": "[concat(parameters('sites_azprojweather_name'), '/ef60bc31-58c6-4c81-9770-1bebe2c51450')]",
            "location": "France Central",
            "dependsOn": [
                "[resourceId('Microsoft.Web/sites', parameters('sites_azprojweather_name'))]"
            ],
            "properties": {
                "status": 4,
                "author_email": "N/A",
                "author": "N/A",
                "deployer": "GITHUB_ZIP_DEPLOY",
                "message": "{\"type\":\"deployment\",\"sha\":\"455f243bbda254c6b3ccb1609cfcc2beafa1f784\",\"repoName\":\"EneruJ/azureproject\",\"actor\":\"EneruJ\",\"slotName\":\"Production\",\"commitMessage\":\"Ajout(e) archiazproj.drawio\"}",
                "start_time": "2023-09-29T08:53:52.8509881Z",
                "end_time": "2023-09-29T08:54:20.1437635Z",
                "active": false
            }
        },
        {
            "type": "Microsoft.Web/sites/deployments",
            "apiVersion": "2022-09-01",
            "name": "[concat(parameters('sites_azprojweather_name'), '/f24c5e8c-b36c-4fab-9cc8-0b33fd379539')]",
            "location": "France Central",
            "dependsOn": [
                "[resourceId('Microsoft.Web/sites', parameters('sites_azprojweather_name'))]"
            ],
            "properties": {
                "status": 4,
                "author_email": "N/A",
                "author": "N/A",
                "deployer": "GITHUB_ZIP_DEPLOY",
                "message": "{\"type\":\"deployment\",\"sha\":\"f8d85fbdfbd8d16bbd1722cdb14a00dbda5103ca\",\"repoName\":\"EneruJ/azureproject\",\"actor\":\"EneruJ\",\"slotName\":\"Production\",\"commitMessage\":\"Update README.md\"}",
                "start_time": "2023-09-29T09:42:24.6526032Z",
                "end_time": "2023-09-29T09:42:54.1865814Z",
                "active": false
            }
        },
        {
            "type": "Microsoft.Web/sites/hostNameBindings",
            "apiVersion": "2022-09-01",
            "name": "[concat(parameters('sites_azprojweather_name'), '/', parameters('sites_azprojweather_name'), '.azurewebsites.net')]",
            "location": "France Central",
            "dependsOn": [
                "[resourceId('Microsoft.Web/sites', parameters('sites_azprojweather_name'))]"
            ],
            "properties": {
                "siteName": "azprojweather",
                "hostNameType": "Verified"
            }
        }
    ]
}